UTC Timestamp,EEG Signal A3 (uV),EEG Signal A4 (uV)
2025-01-20 10:05:28.071187,348,0
2025-01-20 10:05:28.081187,195,0
2025-01-20 10:05:28.091187,336,0
2025-01-20 10:05:28.101187,297,0
2025-01-20 10:05:28.111187,435,1
2025-01-20 10:05:28.121187,358,0
2025-01-20 10:05:28.131187,460,1
2025-01-20 10:05:28.141187,371,0
2025-01-20 10:05:28.151187,484,1
2025-01-20 10:05:28.161187,373,0
2025-01-20 10:05:28.171187,536,1
2025-01-20 10:05:28.181187,70,0
2025-01-20 10:05:28.191187,96,0
2025-01-20 10:05:28.201187,0,0
2025-01-20 10:05:28.211187,122,0
2025-01-20 10:05:28.221187,122,0
2025-01-20 10:05:28.231187,343,0
2025-01-20 10:05:28.241187,361,0
2025-01-20 10:05:28.251187,391,0
2025-01-20 10:05:28.261187,199,0
2025-01-20 10:05:28.271187,338,0
2025-01-20 10:05:28.281187,302,0
2025-01-20 10:05:28.291187,356,0
2025-01-20 10:05:28.301187,240,0
2025-01-20 10:05:28.311187,485,1
2025-01-20 10:05:28.321187,483,1
2025-01-20 10:05:28.331187,602,2
2025-01-20 10:05:28.341187,435,0
2025-01-20 10:05:28.351187,474,1
2025-01-20 10:05:28.361187,312,0
2025-01-20 10:05:28.371187,324,0
2025-01-20 10:05:28.381187,243,0
2025-01-20 10:05:28.391187,394,0
2025-01-20 10:05:28.401187,0,0
2025-01-20 10:05:28.411187,49,0
2025-01-20 10:05:28.421187,0,0
2025-01-20 10:05:28.431187,150,0
2025-01-20 10:05:28.441187,190,0
2025-01-20 10:05:28.451187,275,0
2025-01-20 10:05:28.461187,358,0
2025-01-20 10:05:28.471187,401,0
2025-01-20 10:05:28.481187,360,0
2025-01-20 10:05:28.491187,482,1
2025-01-20 10:05:28.501187,343,0
2025-01-20 10:05:28.511187,387,0
2025-01-20 10:05:28.521187,341,0
2025-01-20 10:05:28.531187,536,1
2025-01-20 10:05:28.541187,487,1
2025-01-20 10:05:28.551187,545,1
2025-01-20 10:05:28.561187,471,1
2025-01-20 10:05:28.571187,644,2
2025-01-20 10:05:28.581187,542,1
2025-01-20 10:05:28.591187,624,2
2025-01-20 10:05:28.601187,576,1
2025-01-20 10:05:28.611187,590,1
2025-01-20 10:05:28.621187,536,1
2025-01-20 10:05:28.631187,685,2
2025-01-20 10:05:28.641187,368,0
2025-01-20 10:05:28.651187,340,0
2025-01-20 10:05:28.661187,203,0
2025-01-20 10:05:28.671187,374,0
2025-01-20 10:05:28.681187,325,0
2025-01-20 10:05:28.691187,407,0
2025-01-20 10:05:28.701187,404,0
2025-01-20 10:05:28.711187,481,1
2025-01-20 10:05:28.721187,345,0
2025-01-20 10:05:28.731187,440,0
2025-01-20 10:05:28.741187,432,0
2025-01-20 10:05:28.751187,574,1
2025-01-20 10:05:28.761187,527,1
2025-01-20 10:05:28.771187,721,3
2025-01-20 10:05:28.781187,494,1
2025-01-20 10:05:28.791187,538,1
2025-01-20 10:05:28.801187,515,1
2025-01-20 10:05:28.811187,696,2
2025-01-20 10:05:28.821187,601,1
2025-01-20 10:05:28.831187,692,2
2025-01-20 10:05:28.841187,539,1
2025-01-20 10:05:28.851187,561,1
2025-01-20 10:05:28.861187,477,1
2025-01-20 10:05:28.871187,548,1
2025-01-20 10:05:28.881187,481,1
2025-01-20 10:05:28.891187,478,1
2025-01-20 10:05:28.901187,357,0
2025-01-20 10:05:28.911187,645,2
2025-01-20 10:05:28.921187,436,0
2025-01-20 10:05:28.931187,525,1
2025-01-20 10:05:28.941187,348,0
2025-01-20 10:05:28.951187,465,1
2025-01-20 10:05:28.961187,387,0
2025-01-20 10:05:28.971187,427,0
2025-01-20 10:05:28.981187,389,0
2025-01-20 10:05:28.991187,531,1
2025-01-20 10:05:29.001187,477,1
2025-01-20 10:05:29.011187,587,1
2025-01-20 10:05:29.021187,473,1
2025-01-20 10:05:29.031187,600,2
2025-01-20 10:05:29.041187,433,0
2025-01-20 10:05:29.051187,547,1
2025-01-20 10:05:29.061187,459,1
2025-01-20 10:05:29.071187,591,1
2025-01-20 10:05:29.081187,494,1
2025-01-20 10:05:29.091187,668,2
2025-01-20 10:05:29.101187,654,2
2025-01-20 10:05:29.111187,678,2
2025-01-20 10:05:29.121187,580,1
2025-01-20 10:05:29.131187,635,2
2025-01-20 10:05:29.141187,496,1
2025-01-20 10:05:29.151187,544,1
2025-01-20 10:05:29.161187,527,1
2025-01-20 10:05:29.171187,576,1
2025-01-20 10:05:29.181187,480,1
2025-01-20 10:05:29.191187,612,1
2025-01-20 10:05:29.201187,659,2
2025-01-20 10:05:29.211187,533,1
2025-01-20 10:05:29.221187,431,0
2025-01-20 10:05:29.231187,424,0
2025-01-20 10:05:29.241187,411,0
2025-01-20 10:05:29.251187,517,1
2025-01-20 10:05:29.261187,455,1
2025-01-20 10:05:29.271187,514,1
2025-01-20 10:05:29.281187,422,0
2025-01-20 10:05:29.291187,591,1
2025-01-20 10:05:29.301187,509,1
2025-01-20 10:05:29.311187,659,2
2025-01-20 10:05:29.321187,527,1
2025-01-20 10:05:29.331187,651,2
2025-01-20 10:05:29.341187,499,1
2025-01-20 10:05:29.351187,627,2
2025-01-20 10:05:29.361187,478,1
2025-01-20 10:05:29.371187,555,1
2025-01-20 10:05:29.381187,444,1
2025-01-20 10:05:29.391187,575,1
2025-01-20 10:05:29.401187,507,1
2025-01-20 10:05:29.411187,582,1
2025-01-20 10:05:29.421187,563,1
2025-01-20 10:05:29.431187,668,2
2025-01-20 10:05:29.441187,512,1
2025-01-20 10:05:29.451187,700,2
2025-01-20 10:05:29.461187,609,2
2025-01-20 10:05:29.471187,668,2
2025-01-20 10:05:29.481187,557,1
2025-01-20 10:05:29.491187,613,2
2025-01-20 10:05:29.501187,462,1
2025-01-20 10:05:29.511187,608,1
2025-01-20 10:05:29.521187,443,1
2025-01-20 10:05:29.531187,445,1
2025-01-20 10:05:29.541187,479,1
2025-01-20 10:05:29.551187,584,1
2025-01-20 10:05:29.561187,466,1
2025-01-20 10:05:29.571187,534,1
2025-01-20 10:05:29.581187,467,1
2025-01-20 10:05:29.591187,499,1
2025-01-20 10:05:29.601187,443,1
2025-01-20 10:05:29.611187,612,1
2025-01-20 10:05:29.621187,412,0
2025-01-20 10:05:29.631187,528,1
2025-01-20 10:05:29.641187,407,0
2025-01-20 10:05:29.651187,485,1
2025-01-20 10:05:29.661187,412,0
2025-01-20 10:05:29.671187,495,1
2025-01-20 10:05:29.681187,390,0
2025-01-20 10:05:29.691187,631,2
2025-01-20 10:05:29.701187,599,1
2025-01-20 10:05:29.711187,650,2
2025-01-20 10:05:29.721187,551,1
2025-01-20 10:05:29.731187,483,1
2025-01-20 10:05:29.741187,441,1
2025-01-20 10:05:29.751187,527,1
2025-01-20 10:05:29.761187,456,1
2025-01-20 10:05:29.771187,508,1
2025-01-20 10:05:29.781187,403,0
2025-01-20 10:05:29.791187,599,1
2025-01-20 10:05:29.801187,529,1
2025-01-20 10:05:29.811187,670,2
2025-01-20 10:05:29.821187,506,1
2025-01-20 10:05:29.831187,764,3
2025-01-20 10:05:29.841187,945,5
2025-01-20 10:05:29.851187,1018,5
2025-01-20 10:05:29.861187,1018,6
2025-01-20 10:05:29.871187,1018,5
2025-01-20 10:05:29.881187,1018,5
2025-01-20 10:05:29.891187,1018,5
2025-01-20 10:05:29.901187,1018,5
2025-01-20 10:05:29.911187,1018,5
2025-01-20 10:05:29.921187,992,5
2025-01-20 10:05:29.931187,1018,6
2025-01-20 10:05:29.941187,863,4
2025-01-20 10:05:29.951187,845,3
2025-01-20 10:05:29.961187,755,3
2025-01-20 10:05:29.971187,769,3
2025-01-20 10:05:29.981187,620,2
2025-01-20 10:05:29.991187,682,2
2025-01-20 10:05:30.001187,548,1
2025-01-20 10:05:30.011187,594,1
2025-01-20 10:05:30.021187,432,1
2025-01-20 10:05:30.031187,450,1
2025-01-20 10:05:30.041187,322,0
2025-01-20 10:05:30.051187,423,0
2025-01-20 10:05:30.061187,376,0
2025-01-20 10:05:30.071187,448,1
2025-01-20 10:05:30.081187,334,0
2025-01-20 10:05:30.091187,324,0
2025-01-20 10:05:30.101187,111,0
2025-01-20 10:05:30.111187,245,0
2025-01-20 10:05:30.121187,222,0
2025-01-20 10:05:30.131187,321,0
2025-01-20 10:05:30.141187,215,0
2025-01-20 10:05:30.151187,335,0
2025-01-20 10:05:30.161187,141,0
2025-01-20 10:05:30.171187,319,0
2025-01-20 10:05:30.181187,332,0
2025-01-20 10:05:30.191187,510,1
2025-01-20 10:05:30.201187,339,0
2025-01-20 10:05:30.211187,422,0
2025-01-20 10:05:30.221187,264,0
2025-01-20 10:05:30.231187,439,1
2025-01-20 10:05:30.241187,328,0
2025-01-20 10:05:30.251187,406,0
2025-01-20 10:05:30.261187,326,0
2025-01-20 10:05:30.271187,438,1
2025-01-20 10:05:30.281187,340,0
2025-01-20 10:05:30.291187,468,1
2025-01-20 10:05:30.301187,332,0
2025-01-20 10:05:30.311187,440,1
2025-01-20 10:05:30.321187,357,0
2025-01-20 10:05:30.331187,509,1
2025-01-20 10:05:30.341187,414,0
2025-01-20 10:05:30.351187,606,2
2025-01-20 10:05:30.361187,414,0
2025-01-20 10:05:30.371187,427,0
2025-01-20 10:05:30.381187,339,0
2025-01-20 10:05:30.391187,417,0
2025-01-20 10:05:30.401187,344,0
2025-01-20 10:05:30.411187,553,1
2025-01-20 10:05:30.421187,376,0
2025-01-20 10:05:30.431187,521,1
2025-01-20 10:05:30.441187,422,0
2025-01-20 10:05:30.451187,664,2
2025-01-20 10:05:30.461187,414,0
2025-01-20 10:05:30.471187,474,1
2025-01-20 10:05:30.481187,346,0
2025-01-20 10:05:30.491187,536,1
2025-01-20 10:05:30.501187,454,1
2025-01-20 10:05:30.511187,560,1
2025-01-20 10:05:30.521187,416,0
2025-01-20 10:05:30.531187,456,1
2025-01-20 10:05:30.541187,241,0
2025-01-20 10:05:30.551187,319,0
2025-01-20 10:05:30.561187,247,0
2025-01-20 10:05:30.571187,383,0
2025-01-20 10:05:30.581187,259,0
2025-01-20 10:05:30.591187,451,0
2025-01-20 10:05:30.601187,344,0
2025-01-20 10:05:30.611187,551,1
2025-01-20 10:05:30.621187,392,0
2025-01-20 10:05:30.631187,509,1
2025-01-20 10:05:30.641187,321,0
2025-01-20 10:05:30.651187,448,1
2025-01-20 10:05:30.661187,267,0
2025-01-20 10:05:30.671187,440,0
2025-01-20 10:05:30.681187,393,0
2025-01-20 10:05:30.691187,569,1
2025-01-20 10:05:30.701187,451,1
2025-01-20 10:05:30.711187,477,1
2025-01-20 10:05:30.721187,355,0
2025-01-20 10:05:30.731187,527,1
2025-01-20 10:05:30.741187,412,0
2025-01-20 10:05:30.751187,476,1
2025-01-20 10:05:30.761187,383,0
2025-01-20 10:05:30.771187,504,1
2025-01-20 10:05:30.781187,373,0
2025-01-20 10:05:30.791187,522,1
2025-01-20 10:05:30.801187,390,0
2025-01-20 10:05:30.811187,419,0
2025-01-20 10:05:30.821187,411,0
2025-01-20 10:05:30.831187,481,1
2025-01-20 10:05:30.841187,363,0
2025-01-20 10:05:30.851187,499,1
2025-01-20 10:05:30.861187,383,0
2025-01-20 10:05:30.871187,580,1
2025-01-20 10:05:30.881187,486,1
2025-01-20 10:05:30.891187,587,1
2025-01-20 10:05:30.901187,478,1
2025-01-20 10:05:30.911187,562,1
2025-01-20 10:05:30.921187,396,0
2025-01-20 10:05:30.931187,722,2
2025-01-20 10:05:30.941187,655,2
2025-01-20 10:05:30.951187,853,4
2025-01-20 10:05:30.961187,712,2
2025-01-20 10:05:30.971187,742,3
2025-01-20 10:05:30.981187,570,1
2025-01-20 10:05:30.991187,674,2
2025-01-20 10:05:31.001187,607,2
2025-01-20 10:05:31.011187,709,2
2025-01-20 10:05:31.021187,608,2
2025-01-20 10:05:31.031187,695,2
2025-01-20 10:05:31.041187,494,1
2025-01-20 10:05:31.051187,531,1
2025-01-20 10:05:31.061187,349,0
2025-01-20 10:05:31.071187,543,1
2025-01-20 10:05:31.081187,281,0
2025-01-20 10:05:31.091187,466,1
2025-01-20 10:05:31.101187,340,0
2025-01-20 10:05:31.111187,444,0
2025-01-20 10:05:31.121187,349,0
2025-01-20 10:05:31.131187,490,1
2025-01-20 10:05:31.141187,392,0
2025-01-20 10:05:31.151187,464,1
2025-01-20 10:05:31.161187,343,0
2025-01-20 10:05:31.171187,496,1
2025-01-20 10:05:31.181187,444,1
2025-01-20 10:05:31.191187,497,1
2025-01-20 10:05:31.201187,388,0
2025-01-20 10:05:31.211187,546,1
2025-01-20 10:05:31.221187,468,1
2025-01-20 10:05:31.231187,627,2
2025-01-20 10:05:31.241187,515,1
2025-01-20 10:05:31.251187,620,2
2025-01-20 10:05:31.261187,497,1
2025-01-20 10:05:31.271187,571,1
2025-01-20 10:05:31.281187,307,0
2025-01-20 10:05:31.291187,670,2
2025-01-20 10:05:31.301187,612,2
2025-01-20 10:05:31.311187,795,3
2025-01-20 10:05:31.321187,661,2
2025-01-20 10:05:31.331187,713,2
2025-01-20 10:05:31.341187,545,1
2025-01-20 10:05:31.351187,618,2
2025-01-20 10:05:31.361187,546,1
2025-01-20 10:05:31.371187,709,2
2025-01-20 10:05:31.381187,496,1
2025-01-20 10:05:31.391187,639,2
2025-01-20 10:05:31.401187,468,1
2025-01-20 10:05:31.411187,600,2
2025-01-20 10:05:31.421187,444,1
2025-01-20 10:05:31.431187,562,1
2025-01-20 10:05:31.441187,425,0
2025-01-20 10:05:31.451187,451,0
2025-01-20 10:05:31.461187,404,0
2025-01-20 10:05:31.471187,546,1
2025-01-20 10:05:31.481187,474,1
2025-01-20 10:05:31.491187,582,1
2025-01-20 10:05:31.501187,410,0
2025-01-20 10:05:31.511187,537,1
2025-01-20 10:05:31.521187,440,1
2025-01-20 10:05:31.531187,571,1
2025-01-20 10:05:31.541187,477,1
2025-01-20 10:05:31.551187,670,2
2025-01-20 10:05:31.561187,547,1
2025-01-20 10:05:31.571187,632,2
2025-01-20 10:05:31.581187,521,1
2025-01-20 10:05:31.591187,681,2
2025-01-20 10:05:31.601187,568,1
2025-01-20 10:05:31.611187,694,2
2025-01-20 10:05:31.621187,524,1
2025-01-20 10:05:31.631187,664,2
2025-01-20 10:05:31.641187,174,0
2025-01-20 10:05:31.651187,204,0
2025-01-20 10:05:31.661187,62,0
2025-01-20 10:05:31.671187,322,0
2025-01-20 10:05:31.681187,263,0
2025-01-20 10:05:31.691187,432,1
2025-01-20 10:05:31.701187,323,0
2025-01-20 10:05:31.711187,404,0
2025-01-20 10:05:31.721187,359,0
2025-01-20 10:05:31.731187,497,1
2025-01-20 10:05:31.741187,391,0
2025-01-20 10:05:31.751187,543,1
2025-01-20 10:05:31.761187,390,0
2025-01-20 10:05:31.771187,563,1
2025-01-20 10:05:31.781187,428,0
2025-01-20 10:05:31.791187,571,1
2025-01-20 10:05:31.801187,535,1
2025-01-20 10:05:31.811187,399,0
2025-01-20 10:05:31.821187,231,0
2025-01-20 10:05:31.831187,391,0
2025-01-20 10:05:31.841187,337,0
2025-01-20 10:05:31.851187,500,1
2025-01-20 10:05:31.861187,400,0
2025-01-20 10:05:31.871187,528,1
2025-01-20 10:05:31.881187,384,0
2025-01-20 10:05:31.891187,481,1
2025-01-20 10:05:31.901187,359,0
2025-01-20 10:05:31.911187,524,1
2025-01-20 10:05:31.921187,349,0
2025-01-20 10:05:31.931187,529,1
2025-01-20 10:05:31.941187,317,0
2025-01-20 10:05:31.951187,578,1
2025-01-20 10:05:31.961187,546,1
2025-01-20 10:05:31.971187,615,2
2025-01-20 10:05:31.981187,543,1
2025-01-20 10:05:31.991187,533,1
2025-01-20 10:05:32.001187,320,0
2025-01-20 10:05:32.011187,384,0
2025-01-20 10:05:32.021187,312,0
2025-01-20 10:05:32.031187,509,1
2025-01-20 10:05:32.041187,466,1
2025-01-20 10:05:32.051187,630,2
2025-01-20 10:05:32.061187,541,1
2025-01-20 10:05:32.071187,690,2
2025-01-20 10:05:32.081187,556,1
2025-01-20 10:05:32.091187,705,2
2025-01-20 10:05:32.101187,574,1
2025-01-20 10:05:32.111187,584,1
2025-01-20 10:05:32.121187,475,1
2025-01-20 10:05:32.131187,660,2
2025-01-20 10:05:32.141187,538,1
2025-01-20 10:05:32.151187,698,2
2025-01-20 10:05:32.161187,532,1
2025-01-20 10:05:32.171187,671,2
2025-01-20 10:05:32.181187,550,1
2025-01-20 10:05:32.191187,576,1
2025-01-20 10:05:32.201187,447,1
2025-01-20 10:05:32.211187,560,1
2025-01-20 10:05:32.221187,483,1
2025-01-20 10:05:32.231187,639,2
2025-01-20 10:05:32.241187,519,1
2025-01-20 10:05:32.251187,664,2
2025-01-20 10:05:32.261187,475,1
2025-01-20 10:05:32.271187,596,1
2025-01-20 10:05:32.281187,491,1
2025-01-20 10:05:32.291187,538,1
2025-01-20 10:05:32.301187,346,0
2025-01-20 10:05:32.311187,480,1
2025-01-20 10:05:32.321187,352,0
2025-01-20 10:05:32.331187,515,1
2025-01-20 10:05:32.341187,370,0
2025-01-20 10:05:32.351187,504,1
2025-01-20 10:05:32.361187,399,0
2025-01-20 10:05:32.371187,585,1
2025-01-20 10:05:32.381187,243,0
2025-01-20 10:05:32.391187,0,0
2025-01-20 10:05:32.401187,0,0
2025-01-20 10:05:32.411187,0,0
2025-01-20 10:05:32.421187,0,0
2025-01-20 10:05:32.431187,0,0
2025-01-20 10:05:32.441187,0,0
2025-01-20 10:05:32.451187,0,0
2025-01-20 10:05:32.461187,0,0
2025-01-20 10:05:32.471187,143,0
2025-01-20 10:05:32.481187,81,0
2025-01-20 10:05:32.491187,322,0
2025-01-20 10:05:32.501187,286,0
2025-01-20 10:05:32.511187,383,0
2025-01-20 10:05:32.521187,284,0
2025-01-20 10:05:32.531187,478,1
2025-01-20 10:05:32.541187,302,0
2025-01-20 10:05:32.551187,455,1
2025-01-20 10:05:32.561187,356,0
2025-01-20 10:05:32.571187,580,1
2025-01-20 10:05:32.581187,437,1
2025-01-20 10:05:32.591187,638,2
2025-01-20 10:05:32.601187,521,1
2025-01-20 10:05:32.611187,728,3
2025-01-20 10:05:32.621187,590,1
2025-01-20 10:05:32.631187,780,3
2025-01-20 10:05:32.641187,632,2
2025-01-20 10:05:32.651187,735,3
2025-01-20 10:05:32.661187,572,1
2025-01-20 10:05:32.671187,653,2
2025-01-20 10:05:32.681187,677,2
2025-01-20 10:05:32.691187,848,3
2025-01-20 10:05:32.701187,681,2
2025-01-20 10:05:32.711187,856,4
2025-01-20 10:05:32.721187,709,2
2025-01-20 10:05:32.731187,861,4
2025-01-20 10:05:32.741187,719,3
2025-01-20 10:05:32.751187,848,4
2025-01-20 10:05:32.761187,773,3
2025-01-20 10:05:32.771187,872,4
2025-01-20 10:05:32.781187,716,3
2025-01-20 10:05:32.791187,872,4
2025-01-20 10:05:32.801187,851,3
2025-01-20 10:05:32.811187,973,5
2025-01-20 10:05:32.821187,916,4
2025-01-20 10:05:32.831187,1018,5
2025-01-20 10:05:32.841187,1018,6
2025-01-20 10:05:32.851187,1018,6
2025-01-20 10:05:32.861187,1018,6
2025-01-20 10:05:32.871187,1018,5
2025-01-20 10:05:32.881187,1018,5
2025-01-20 10:05:32.891187,1018,5
2025-01-20 10:05:32.901187,825,3
2025-01-20 10:05:32.911187,948,5
2025-01-20 10:05:32.921187,764,3
2025-01-20 10:05:32.931187,878,4
2025-01-20 10:05:32.941187,766,3
2025-01-20 10:05:32.951187,883,4
2025-01-20 10:05:32.961187,731,3
2025-01-20 10:05:32.971187,755,3
2025-01-20 10:05:32.981187,597,1
2025-01-20 10:05:32.991187,730,3
2025-01-20 10:05:33.001187,622,2
2025-01-20 10:05:33.011187,758,3
2025-01-20 10:05:33.021187,582,1
2025-01-20 10:05:33.031187,695,2
2025-01-20 10:05:33.041187,512,1
2025-01-20 10:05:33.051187,671,2
2025-01-20 10:05:33.061187,415,0
2025-01-20 10:05:33.071187,687,2
2025-01-20 10:05:33.081187,608,2
2025-01-20 10:05:33.091187,999,5
2025-01-20 10:05:33.101187,959,5
2025-01-20 10:05:33.111187,1018,5
2025-01-20 10:05:33.121187,932,4
2025-01-20 10:05:33.131187,975,5
2025-01-20 10:05:33.141187,846,3
2025-01-20 10:05:33.151187,914,4
2025-01-20 10:05:33.161187,774,3
2025-01-20 10:05:33.171187,838,3
2025-01-20 10:05:33.181187,624,2
2025-01-20 10:05:33.191187,708,2
2025-01-20 10:05:33.201187,547,1
2025-01-20 10:05:33.211187,686,2
2025-01-20 10:05:33.221187,594,1
2025-01-20 10:05:33.231187,707,2
2025-01-20 10:05:33.241187,542,1
2025-01-20 10:05:33.251187,515,1
2025-01-20 10:05:33.261187,608,2
2025-01-20 10:05:33.271187,786,3
2025-01-20 10:05:33.281187,699,2
2025-01-20 10:05:33.291187,806,3
2025-01-20 10:05:33.301187,493,1
2025-01-20 10:05:33.311187,620,2
2025-01-20 10:05:33.321187,435,1
2025-01-20 10:05:33.331187,517,1
2025-01-20 10:05:33.341187,430,1
2025-01-20 10:05:33.351187,519,1
2025-01-20 10:05:33.361187,357,0
2025-01-20 10:05:33.371187,524,1
2025-01-20 10:05:33.381187,221,0
2025-01-20 10:05:33.391187,306,0
2025-01-20 10:05:33.401187,219,0
2025-01-20 10:05:33.411187,269,0
2025-01-20 10:05:33.421187,146,0
2025-01-20 10:05:33.431187,240,0
2025-01-20 10:05:33.441187,188,0
2025-01-20 10:05:33.451187,442,1
2025-01-20 10:05:33.461187,414,0
2025-01-20 10:05:33.471187,492,1
2025-01-20 10:05:33.481187,296,0
2025-01-20 10:05:33.491187,448,1
2025-01-20 10:05:33.501187,329,0
2025-01-20 10:05:33.511187,503,1
2025-01-20 10:05:33.521187,310,0
2025-01-20 10:05:33.531187,331,0
2025-01-20 10:05:33.541187,101,0
2025-01-20 10:05:33.551187,310,0
2025-01-20 10:05:33.561187,280,0
2025-01-20 10:05:33.571187,423,1
2025-01-20 10:05:33.581187,224,0
2025-01-20 10:05:33.591187,326,0
2025-01-20 10:05:33.601187,274,0
2025-01-20 10:05:33.611187,376,0
2025-01-20 10:05:33.621187,211,0
2025-01-20 10:05:33.631187,325,0
2025-01-20 10:05:33.641187,233,0
2025-01-20 10:05:33.651187,367,0
2025-01-20 10:05:33.661187,227,0
2025-01-20 10:05:33.671187,368,0
2025-01-20 10:05:33.681187,304,0
2025-01-20 10:05:33.691187,415,0
2025-01-20 10:05:33.701187,401,0
2025-01-20 10:05:33.711187,443,1
2025-01-20 10:05:33.721187,374,0
2025-01-20 10:05:33.731187,517,1
2025-01-20 10:05:33.741187,417,1
2025-01-20 10:05:33.751187,592,1
2025-01-20 10:05:33.761187,410,0
2025-01-20 10:05:33.771187,611,2
2025-01-20 10:05:33.781187,248,0
2025-01-20 10:05:33.791187,421,0
2025-01-20 10:05:33.801187,266,0
2025-01-20 10:05:33.811187,388,0
2025-01-20 10:05:33.821187,260,0
2025-01-20 10:05:33.831187,428,0
2025-01-20 10:05:33.841187,308,0
2025-01-20 10:05:33.851187,393,0
2025-01-20 10:05:33.861187,235,0
2025-01-20 10:05:33.871187,359,0
2025-01-20 10:05:33.881187,228,0
2025-01-20 10:05:33.891187,357,0
2025-01-20 10:05:33.901187,283,0
2025-01-20 10:05:33.911187,390,0
2025-01-20 10:05:33.921187,339,0
2025-01-20 10:05:33.931187,441,1
2025-01-20 10:05:33.941187,318,0
2025-01-20 10:05:33.951187,535,1
2025-01-20 10:05:33.961187,503,1
2025-01-20 10:05:33.971187,584,1
2025-01-20 10:05:33.981187,394,0
2025-01-20 10:05:33.991187,327,0
2025-01-20 10:05:34.001187,69,0
2025-01-20 10:05:34.011187,149,0
2025-01-20 10:05:34.021187,42,0
2025-01-20 10:05:34.031187,169,0
2025-01-20 10:05:34.041187,240,0
2025-01-20 10:05:34.051187,424,0
2025-01-20 10:05:34.061187,285,0
2025-01-20 10:05:34.071187,359,0
2025-01-20 10:05:34.081187,247,0
2025-01-20 10:05:34.091187,476,1
2025-01-20 10:05:34.101187,442,1
2025-01-20 10:05:34.111187,632,2
2025-01-20 10:05:34.121187,505,1
2025-01-20 10:05:34.131187,558,1
2025-01-20 10:05:34.141187,483,1
2025-01-20 10:05:34.151187,625,2
2025-01-20 10:05:34.161187,481,1
2025-01-20 10:05:34.171187,657,2
2025-01-20 10:05:34.181187,601,2
2025-01-20 10:05:34.191187,692,2
2025-01-20 10:05:34.201187,581,1
2025-01-20 10:05:34.211187,822,3
2025-01-20 10:05:34.221187,770,3
2025-01-20 10:05:34.231187,832,3
2025-01-20 10:05:34.241187,687,2
2025-01-20 10:05:34.251187,798,3
2025-01-20 10:05:34.261187,588,1
2025-01-20 10:05:34.271187,736,3
2025-01-20 10:05:34.281187,544,1
2025-01-20 10:05:34.291187,601,1
2025-01-20 10:05:34.301187,499,1
2025-01-20 10:05:34.311187,592,2
2025-01-20 10:05:34.321187,500,1
2025-01-20 10:05:34.331187,638,2
2025-01-20 10:05:34.341187,589,1
2025-01-20 10:05:34.351187,642,2
2025-01-20 10:05:34.361187,510,1
2025-01-20 10:05:34.371187,392,0
2025-01-20 10:05:34.381187,395,0
2025-01-20 10:05:34.391187,438,1
2025-01-20 10:05:34.401187,589,1
2025-01-20 10:05:34.411187,846,3
2025-01-20 10:05:34.421187,804,3
2025-01-20 10:05:34.431187,963,5
2025-01-20 10:05:34.441187,810,3
2025-01-20 10:05:34.451187,978,5
2025-01-20 10:05:34.461187,853,4
2025-01-20 10:05:34.471187,915,4
2025-01-20 10:05:34.481187,804,3
2025-01-20 10:05:34.491187,815,3
2025-01-20 10:05:34.501187,558,1
2025-01-20 10:05:34.511187,672,2
2025-01-20 10:05:34.521187,516,1
2025-01-20 10:05:34.531187,627,2
2025-01-20 10:05:34.541187,461,1
2025-01-20 10:05:34.551187,528,1
2025-01-20 10:05:34.561187,638,2
2025-01-20 10:05:34.571187,865,4
2025-01-20 10:05:34.581187,735,3
2025-01-20 10:05:34.591187,775,3
2025-01-20 10:05:34.601187,626,2
2025-01-20 10:05:34.611187,713,3
2025-01-20 10:05:34.621187,554,1
2025-01-20 10:05:34.631187,664,2
2025-01-20 10:05:34.641187,579,1
2025-01-20 10:05:34.651187,738,3
2025-01-20 10:05:34.661187,615,2
2025-01-20 10:05:34.671187,683,2
2025-01-20 10:05:34.681187,600,2
2025-01-20 10:05:34.691187,742,3
2025-01-20 10:05:34.701187,501,1
2025-01-20 10:05:34.711187,627,2
2025-01-20 10:05:34.721187,430,1
2025-01-20 10:05:34.731187,640,2
2025-01-20 10:05:34.741187,485,1
2025-01-20 10:05:34.751187,597,1
2025-01-20 10:05:34.761187,403,0
2025-01-20 10:05:34.771187,470,1
2025-01-20 10:05:34.781187,365,0
2025-01-20 10:05:34.791187,483,1
2025-01-20 10:05:34.801187,177,0
2025-01-20 10:05:34.811187,316,0
2025-01-20 10:05:34.821187,245,0
2025-01-20 10:05:34.831187,420,0
2025-01-20 10:05:34.841187,355,0
2025-01-20 10:05:34.851187,491,1
2025-01-20 10:05:34.861187,345,0
2025-01-20 10:05:34.871187,449,1
2025-01-20 10:05:34.881187,367,0
2025-01-20 10:05:34.891187,480,1
2025-01-20 10:05:34.901187,380,0
2025-01-20 10:05:34.911187,508,1
2025-01-20 10:05:34.921187,342,0
2025-01-20 10:05:34.931187,452,1
2025-01-20 10:05:34.941187,371,0
2025-01-20 10:05:34.951187,446,1
2025-01-20 10:05:34.961187,348,0
2025-01-20 10:05:34.971187,547,1
2025-01-20 10:05:34.981187,406,0
2025-01-20 10:05:34.991187,494,1
2025-01-20 10:05:35.001187,369,0
2025-01-20 10:05:35.011187,451,1
2025-01-20 10:05:35.021187,317,0
2025-01-20 10:05:35.031187,438,0
2025-01-20 10:05:35.041187,316,0
2025-01-20 10:05:35.051187,446,1
2025-01-20 10:05:35.061187,548,1
2025-01-20 10:05:35.071187,689,2
2025-01-20 10:05:35.081187,625,2
2025-01-20 10:05:35.091187,777,3
2025-01-20 10:05:35.101187,640,2
2025-01-20 10:05:35.111187,747,3
2025-01-20 10:05:35.121187,635,2
2025-01-20 10:05:35.131187,663,2
2025-01-20 10:05:35.141187,472,1
2025-01-20 10:05:35.151187,617,2
2025-01-20 10:05:35.161187,592,2
2025-01-20 10:05:35.171187,671,2
2025-01-20 10:05:35.181187,556,1
2025-01-20 10:05:35.191187,640,2
2025-01-20 10:05:35.201187,519,1
2025-01-20 10:05:35.211187,479,1
2025-01-20 10:05:35.221187,296,0
2025-01-20 10:05:35.231187,350,0
2025-01-20 10:05:35.241187,283,0
2025-01-20 10:05:35.251187,353,0
2025-01-20 10:05:35.261187,234,0
2025-01-20 10:05:35.271187,381,0
2025-01-20 10:05:35.281187,323,0
2025-01-20 10:05:35.291187,381,0
2025-01-20 10:05:35.301187,282,0
2025-01-20 10:05:35.311187,438,1
2025-01-20 10:05:35.321187,380,0
2025-01-20 10:05:35.331187,428,0
2025-01-20 10:05:35.341187,342,0
2025-01-20 10:05:35.351187,471,1
2025-01-20 10:05:35.361187,347,0
2025-01-20 10:05:35.371187,431,0
2025-01-20 10:05:35.381187,307,0
2025-01-20 10:05:35.391187,416,0
2025-01-20 10:05:35.401187,341,0
2025-01-20 10:05:35.411187,462,1
2025-01-20 10:05:35.421187,206,0
2025-01-20 10:05:35.431187,312,0
2025-01-20 10:05:35.441187,228,0
2025-01-20 10:05:35.451187,346,0
2025-01-20 10:05:35.461187,259,0
2025-01-20 10:05:35.471187,467,1
2025-01-20 10:05:35.481187,452,1
2025-01-20 10:05:35.491187,678,2
2025-01-20 10:05:35.501187,492,1
2025-01-20 10:05:35.511187,560,1
2025-01-20 10:05:35.521187,348,0
2025-01-20 10:05:35.531187,460,1
2025-01-20 10:05:35.541187,345,0
2025-01-20 10:05:35.551187,438,1
2025-01-20 10:05:35.561187,433,1
2025-01-20 10:05:35.571187,632,2
2025-01-20 10:05:35.581187,524,1
2025-01-20 10:05:35.591187,634,2
2025-01-20 10:05:35.601187,571,1
2025-01-20 10:05:35.611187,682,2
2025-01-20 10:05:35.621187,598,2
2025-01-20 10:05:35.631187,662,2
2025-01-20 10:05:35.641187,564,1
2025-01-20 10:05:35.651187,653,2
2025-01-20 10:05:35.661187,417,0
2025-01-20 10:05:35.671187,503,1
2025-01-20 10:05:35.681187,438,1
2025-01-20 10:05:35.691187,629,2
2025-01-20 10:05:35.701187,454,1
2025-01-20 10:05:35.711187,609,2
2025-01-20 10:05:35.721187,552,1
2025-01-20 10:05:35.731187,627,2
2025-01-20 10:05:35.741187,519,1
2025-01-20 10:05:35.751187,399,0
2025-01-20 10:05:35.761187,44,0
2025-01-20 10:05:35.771187,112,0
2025-01-20 10:05:35.781187,90,0
2025-01-20 10:05:35.791187,342,0
2025-01-20 10:05:35.801187,410,0
2025-01-20 10:05:35.811187,525,1
2025-01-20 10:05:35.821187,474,1
2025-01-20 10:05:35.831187,574,1
2025-01-20 10:05:35.841187,443,1
2025-01-20 10:05:35.851187,595,2
2025-01-20 10:05:35.861187,527,1
2025-01-20 10:05:35.871187,636,2
2025-01-20 10:05:35.881187,476,1
2025-01-20 10:05:35.891187,713,3
2025-01-20 10:05:35.901187,620,2
2025-01-20 10:05:35.911187,814,3
2025-01-20 10:05:35.921187,907,4
2025-01-20 10:05:35.931187,956,5
2025-01-20 10:05:35.941187,759,3
2025-01-20 10:05:35.951187,846,3
2025-01-20 10:05:35.961187,667,2
2025-01-20 10:05:35.971187,763,3
2025-01-20 10:05:35.981187,609,2
2025-01-20 10:05:35.991187,661,2
2025-01-20 10:05:36.001187,590,1
2025-01-20 10:05:36.011187,693,2
2025-01-20 10:05:36.021187,617,2
2025-01-20 10:05:36.031187,788,3
2025-01-20 10:05:36.041187,803,3
2025-01-20 10:05:36.051187,764,3
2025-01-20 10:05:36.061187,540,1
2025-01-20 10:05:36.071187,541,1
2025-01-20 10:05:36.081187,444,1
2025-01-20 10:05:36.091187,481,1
2025-01-20 10:05:36.101187,379,0
2025-01-20 10:05:36.111187,558,1
2025-01-20 10:05:36.121187,520,1
2025-01-20 10:05:36.131187,588,1
2025-01-20 10:05:36.141187,551,1
2025-01-20 10:05:36.151187,598,1
2025-01-20 10:05:36.161187,380,0
2025-01-20 10:05:36.171187,327,0
2025-01-20 10:05:36.181187,254,0
2025-01-20 10:05:36.191187,428,1
2025-01-20 10:05:36.201187,350,0
2025-01-20 10:05:36.211187,449,1
2025-01-20 10:05:36.221187,415,0
2025-01-20 10:05:36.231187,542,1
2025-01-20 10:05:36.241187,505,1
2025-01-20 10:05:36.251187,585,1
2025-01-20 10:05:36.261187,499,1
2025-01-20 10:05:36.271187,571,1
2025-01-20 10:05:36.281187,455,1
2025-01-20 10:05:36.291187,631,2
2025-01-20 10:05:36.301187,488,1
2025-01-20 10:05:36.311187,556,1
2025-01-20 10:05:36.321187,467,1
2025-01-20 10:05:36.331187,535,1
2025-01-20 10:05:36.341187,363,0
2025-01-20 10:05:36.351187,434,1
2025-01-20 10:05:36.361187,371,0
2025-01-20 10:05:36.371187,533,1
2025-01-20 10:05:36.381187,461,1
2025-01-20 10:05:36.391187,545,1
2025-01-20 10:05:36.401187,467,1
2025-01-20 10:05:36.411187,548,1
2025-01-20 10:05:36.421187,433,1
2025-01-20 10:05:36.431187,581,1
2025-01-20 10:05:36.441187,408,0
2025-01-20 10:05:36.451187,388,0
2025-01-20 10:05:36.461187,237,0
2025-01-20 10:05:36.471187,416,0
2025-01-20 10:05:36.481187,284,0
2025-01-20 10:05:36.491187,440,1
2025-01-20 10:05:36.501187,375,0
2025-01-20 10:05:36.511187,454,1
2025-01-20 10:05:36.521187,384,0
2025-01-20 10:05:36.531187,449,1
2025-01-20 10:05:36.541187,417,1
2025-01-20 10:05:36.551187,540,1
2025-01-20 10:05:36.561187,353,0
2025-01-20 10:05:36.571187,480,1
2025-01-20 10:05:36.581187,528,1
2025-01-20 10:05:36.591187,616,2
2025-01-20 10:05:36.601187,556,1
2025-01-20 10:05:36.611187,572,1
2025-01-20 10:05:36.621187,381,0
2025-01-20 10:05:36.631187,420,0
2025-01-20 10:05:36.641187,298,0
2025-01-20 10:05:36.651187,526,1
2025-01-20 10:05:36.661187,580,1
2025-01-20 10:05:36.671187,689,2
2025-01-20 10:05:36.681187,413,0
2025-01-20 10:05:36.691187,290,0
2025-01-20 10:05:36.701187,199,0
2025-01-20 10:05:36.711187,385,0
2025-01-20 10:05:36.721187,274,0
2025-01-20 10:05:36.731187,485,1
2025-01-20 10:05:36.741187,500,1
2025-01-20 10:05:36.751187,608,2
2025-01-20 10:05:36.761187,455,1
2025-01-20 10:05:36.771187,557,1
2025-01-20 10:05:36.781187,448,1
2025-01-20 10:05:36.791187,467,1
2025-01-20 10:05:36.801187,354,0
2025-01-20 10:05:36.811187,396,0
2025-01-20 10:05:36.821187,302,0
2025-01-20 10:05:36.831187,383,0
2025-01-20 10:05:36.841187,354,0
2025-01-20 10:05:36.851187,489,1
2025-01-20 10:05:36.861187,493,1
2025-01-20 10:05:36.871187,731,3
2025-01-20 10:05:36.881187,446,1
2025-01-20 10:05:36.891187,520,1
2025-01-20 10:05:36.901187,356,0
2025-01-20 10:05:36.911187,513,1
2025-01-20 10:05:36.921187,369,0
2025-01-20 10:05:36.931187,486,1
2025-01-20 10:05:36.941187,444,1
2025-01-20 10:05:36.951187,551,1
2025-01-20 10:05:36.961187,494,1
2025-01-20 10:05:36.971187,689,2
2025-01-20 10:05:36.981187,636,2
2025-01-20 10:05:36.991187,613,2
2025-01-20 10:05:37.001187,541,1
2025-01-20 10:05:37.011187,616,2
2025-01-20 10:05:37.021187,534,1
2025-01-20 10:05:37.031187,661,2
2025-01-20 10:05:37.041187,555,1
2025-01-20 10:05:37.051187,719,3
2025-01-20 10:05:37.061187,543,1
2025-01-20 10:05:37.071187,558,1
2025-01-20 10:05:37.081187,514,1
2025-01-20 10:05:37.091187,630,2
2025-01-20 10:05:37.101187,577,1
2025-01-20 10:05:37.111187,641,2
2025-01-20 10:05:37.121187,504,1
2025-01-20 10:05:37.131187,606,1
2025-01-20 10:05:37.141187,550,1
2025-01-20 10:05:37.151187,670,2
2025-01-20 10:05:37.161187,574,1
2025-01-20 10:05:37.171187,636,2
2025-01-20 10:05:37.181187,552,1
2025-01-20 10:05:37.191187,596,1
2025-01-20 10:05:37.201187,443,1
2025-01-20 10:05:37.211187,604,2
2025-01-20 10:05:37.221187,581,1
2025-01-20 10:05:37.231187,700,2
2025-01-20 10:05:37.241187,563,1
2025-01-20 10:05:37.251187,662,2
2025-01-20 10:05:37.261187,612,2
2025-01-20 10:05:37.271187,689,2
2025-01-20 10:05:37.281187,625,2
2025-01-20 10:05:37.291187,707,2
2025-01-20 10:05:37.301187,608,2
2025-01-20 10:05:37.311187,734,3
2025-01-20 10:05:37.321187,588,1
2025-01-20 10:05:37.331187,691,2
2025-01-20 10:05:37.341187,536,1
2025-01-20 10:05:37.351187,561,1
2025-01-20 10:05:37.361187,517,1
2025-01-20 10:05:37.371187,615,2
2025-01-20 10:05:37.381187,511,1
2025-01-20 10:05:37.391187,599,1
2025-01-20 10:05:37.401187,580,1
2025-01-20 10:05:37.411187,575,1
2025-01-20 10:05:37.421187,452,1
2025-01-20 10:05:37.431187,537,1
2025-01-20 10:05:37.441187,464,1
2025-01-20 10:05:37.451187,511,1
2025-01-20 10:05:37.461187,523,1
2025-01-20 10:05:37.471187,529,1
2025-01-20 10:05:37.481187,524,1
2025-01-20 10:05:37.491187,586,1
2025-01-20 10:05:37.501187,589,1
2025-01-20 10:05:37.511187,632,2
2025-01-20 10:05:37.521187,540,1
2025-01-20 10:05:37.531187,530,1
2025-01-20 10:05:37.541187,536,1
2025-01-20 10:05:37.551187,594,1
2025-01-20 10:05:37.561187,506,1
2025-01-20 10:05:37.571187,582,1
2025-01-20 10:05:37.581187,527,1
2025-01-20 10:05:37.591187,606,1
2025-01-20 10:05:37.601187,530,1
2025-01-20 10:05:37.611187,575,1
2025-01-20 10:05:37.621187,519,1
2025-01-20 10:05:37.631187,555,1
2025-01-20 10:05:37.641187,547,1
2025-01-20 10:05:37.651187,608,2
2025-01-20 10:05:37.661187,567,1
2025-01-20 10:05:37.671187,640,2
2025-01-20 10:05:37.681187,539,1
2025-01-20 10:05:37.691187,568,1
2025-01-20 10:05:37.701187,575,1
2025-01-20 10:05:37.711187,662,2
2025-01-20 10:05:37.721187,538,1
2025-01-20 10:05:37.731187,527,1
2025-01-20 10:05:37.741187,585,1
2025-01-20 10:05:37.751187,1018,5
2025-01-20 10:05:37.761187,1018,5
2025-01-20 10:05:37.771187,1018,5
2025-01-20 10:05:37.781187,1018,5
2025-01-20 10:05:37.791187,1018,5
2025-01-20 10:05:37.801187,1018,5
2025-01-20 10:05:37.811187,1018,6
2025-01-20 10:05:37.821187,921,4
2025-01-20 10:05:37.831187,996,5
2025-01-20 10:05:37.841187,830,3
2025-01-20 10:05:37.851187,946,5
2025-01-20 10:05:37.861187,843,3
2025-01-20 10:05:37.871187,798,3
2025-01-20 10:05:37.881187,803,3
2025-01-20 10:05:37.891187,741,3
2025-01-20 10:05:37.901187,811,3
2025-01-20 10:05:37.911187,620,2
2025-01-20 10:05:37.921187,513,1
2025-01-20 10:05:37.931187,643,2
2025-01-20 10:05:37.941187,527,1
2025-01-20 10:05:37.951187,560,1
2025-01-20 10:05:37.961187,609,2
2025-01-20 10:05:37.971187,732,3
2025-01-20 10:05:37.981187,407,0
2025-01-20 10:05:37.991187,533,1
2025-01-20 10:05:38.001187,433,1
2025-01-20 10:05:38.011187,515,1
2025-01-20 10:05:38.021187,535,1
2025-01-20 10:05:38.031187,555,1
2025-01-20 10:05:38.041187,515,1
2025-01-20 10:05:38.051187,607,2
2025-01-20 10:05:38.061187,385,0
2025-01-20 10:05:38.071187,474,1
2025-01-20 10:05:38.081187,287,0
2025-01-20 10:05:38.091187,372,0
2025-01-20 10:05:38.101187,195,0
2025-01-20 10:05:38.111187,367,0
2025-01-20 10:05:38.121187,202,0
2025-01-20 10:05:38.131187,305,0
2025-01-20 10:05:38.141187,198,0
2025-01-20 10:05:38.151187,138,0
2025-01-20 10:05:38.161187,222,0
2025-01-20 10:05:38.171187,185,0
2025-01-20 10:05:38.181187,76,0
2025-01-20 10:05:38.191187,267,0
2025-01-20 10:05:38.201187,236,0
2025-01-20 10:05:38.211187,254,0
2025-01-20 10:05:38.221187,331,0
2025-01-20 10:05:38.231187,483,1
2025-01-20 10:05:38.241187,188,0
2025-01-20 10:05:38.251187,327,0
2025-01-20 10:05:38.261187,179,0
2025-01-20 10:05:38.271187,250,0
2025-01-20 10:05:38.281187,219,0
2025-01-20 10:05:38.291187,126,0
2025-01-20 10:05:38.301187,354,0
2025-01-20 10:05:38.311187,255,0
2025-01-20 10:05:38.321187,166,0
2025-01-20 10:05:38.331187,134,0
2025-01-20 10:05:38.341187,455,1
2025-01-20 10:05:38.351187,397,0
2025-01-20 10:05:38.361187,370,0
2025-01-20 10:05:38.371187,483,1
2025-01-20 10:05:38.381187,380,0
2025-01-20 10:05:38.391187,117,0
2025-01-20 10:05:38.401187,0,0
2025-01-20 10:05:38.411187,0,0
2025-01-20 10:05:38.421187,0,0
2025-01-20 10:05:38.431187,152,0
2025-01-20 10:05:38.441187,104,0
2025-01-20 10:05:38.451187,165,0
2025-01-20 10:05:38.461187,54,0
2025-01-20 10:05:38.471187,177,0
2025-01-20 10:05:38.481187,163,0
2025-01-20 10:05:38.491187,198,0
2025-01-20 10:05:38.501187,402,0
2025-01-20 10:05:38.511187,267,0
2025-01-20 10:05:38.521187,376,0
2025-01-20 10:05:38.531187,499,1
2025-01-20 10:05:38.541187,319,0
2025-01-20 10:05:38.551187,584,1
2025-01-20 10:05:38.561187,592,1
2025-01-20 10:05:38.571187,492,1
2025-01-20 10:05:38.581187,563,1
2025-01-20 10:05:38.591187,642,2
2025-01-20 10:05:38.601187,478,1
2025-01-20 10:05:38.611187,477,1
2025-01-20 10:05:38.621187,503,1
2025-01-20 10:05:38.631187,498,1
2025-01-20 10:05:38.641187,345,0
2025-01-20 10:05:38.651187,470,1
2025-01-20 10:05:38.661187,529,1
2025-01-20 10:05:38.671187,460,1
2025-01-20 10:05:38.681187,444,1
2025-01-20 10:05:38.691187,662,2
2025-01-20 10:05:38.701187,438,1
2025-01-20 10:05:38.711187,613,2
2025-01-20 10:05:38.721187,536,1
2025-01-20 10:05:38.731187,630,2
2025-01-20 10:05:38.741187,608,2
2025-01-20 10:05:38.751187,871,4
2025-01-20 10:05:38.761187,1018,5
2025-01-20 10:05:38.771187,1018,5
2025-01-20 10:05:38.781187,1018,5
2025-01-20 10:05:38.791187,928,4
2025-01-20 10:05:38.801187,1017,5
2025-01-20 10:05:38.811187,638,2
2025-01-20 10:05:38.821187,920,4
2025-01-20 10:05:38.831187,751,3
2025-01-20 10:05:38.841187,797,3
2025-01-20 10:05:38.851187,691,2
2025-01-20 10:05:38.861187,489,1
2025-01-20 10:05:38.871187,728,3
2025-01-20 10:05:38.881187,353,0
2025-01-20 10:05:38.891187,682,2
2025-01-20 10:05:38.901187,460,1
2025-01-20 10:05:38.911187,392,0
2025-01-20 10:05:38.921187,422,0
2025-01-20 10:05:38.931187,527,1
2025-01-20 10:05:38.941187,297,0
2025-01-20 10:05:38.951187,271,0
2025-01-20 10:05:38.961187,307,0
2025-01-20 10:05:38.971187,365,0
2025-01-20 10:05:38.981187,402,0
2025-01-20 10:05:38.991187,311,0
2025-01-20 10:05:39.001187,353,0
2025-01-20 10:05:39.011187,325,0
2025-01-20 10:05:39.021187,163,0
2025-01-20 10:05:39.031187,292,0
2025-01-20 10:05:39.041187,462,1
2025-01-20 10:05:39.051187,515,1
2025-01-20 10:05:39.061187,482,1
2025-01-20 10:05:39.071187,707,2
2025-01-20 10:05:39.081187,687,2
2025-01-20 10:05:39.091187,360,0
2025-01-20 10:05:39.101187,480,1
2025-01-20 10:05:39.111187,461,1
2025-01-20 10:05:39.121187,331,0
2025-01-20 10:05:39.131187,632,2
2025-01-20 10:05:39.141187,476,1
2025-01-20 10:05:39.151187,13,0
2025-01-20 10:05:39.161187,327,0
2025-01-20 10:05:39.171187,0,0
2025-01-20 10:05:39.181187,235,0
2025-01-20 10:05:39.191187,275,0
2025-01-20 10:05:39.201187,111,0
2025-01-20 10:05:39.211187,432,1
2025-01-20 10:05:39.221187,367,0
2025-01-20 10:05:39.231187,222,0
2025-01-20 10:05:39.241187,203,0
2025-01-20 10:05:39.251187,658,2
2025-01-20 10:05:39.261187,426,0
2025-01-20 10:05:39.271187,664,2
2025-01-20 10:05:39.281187,711,2
2025-01-20 10:05:39.291187,245,0
2025-01-20 10:05:39.301187,491,1
2025-01-20 10:05:39.311187,717,3
2025-01-20 10:05:39.321187,590,1
2025-01-20 10:05:39.331187,460,1
2025-01-20 10:05:39.341187,364,0
2025-01-20 10:05:39.351187,542,1
2025-01-20 10:05:39.361187,191,0
2025-01-20 10:05:39.371187,612,2
2025-01-20 10:05:39.381187,498,1
2025-01-20 10:05:39.391187,719,3
2025-01-20 10:05:39.401187,740,3
2025-01-20 10:05:39.411187,439,1
2025-01-20 10:05:39.421187,70,0
2025-01-20 10:05:39.431187,536,1
2025-01-20 10:05:39.441187,156,0
2025-01-20 10:05:39.451187,340,0
2025-01-20 10:05:39.461187,382,0
2025-01-20 10:05:39.471187,417,0
2025-01-20 10:05:39.481187,427,1
2025-01-20 10:05:39.491187,687,2
2025-01-20 10:05:39.501187,358,0
2025-01-20 10:05:39.511187,600,1
2025-01-20 10:05:39.521187,565,1
2025-01-20 10:05:39.531187,585,1
2025-01-20 10:05:39.541187,614,2
2025-01-20 10:05:39.551187,399,0
2025-01-20 10:05:39.561187,636,2
2025-01-20 10:05:39.571187,667,2
2025-01-20 10:05:39.581187,970,5
2025-01-20 10:05:39.591187,595,1
2025-01-20 10:05:39.601187,753,3
2025-01-20 10:05:39.611187,776,3
2025-01-20 10:05:39.621187,549,1
2025-01-20 10:05:39.631187,891,4
2025-01-20 10:05:39.641187,565,1
2025-01-20 10:05:39.651187,709,2
2025-01-20 10:05:39.661187,243,0
2025-01-20 10:05:39.671187,1018,6
2025-01-20 10:05:39.681187,165,0
2025-01-20 10:05:39.691187,849,3
2025-01-20 10:05:39.701187,341,0
2025-01-20 10:05:39.711187,928,4
2025-01-20 10:05:39.721187,0,0
2025-01-20 10:05:39.731187,1018,5
2025-01-20 10:05:39.741187,455,1
2025-01-20 10:05:39.751187,622,2
2025-01-20 10:05:39.761187,704,2
2025-01-20 10:05:39.771187,489,1
2025-01-20 10:05:39.781187,472,1
2025-01-20 10:05:39.791187,320,0
2025-01-20 10:05:39.801187,623,2
2025-01-20 10:05:39.811187,628,2
2025-01-20 10:05:39.821187,922,4
2025-01-20 10:05:39.831187,893,4
2025-01-20 10:05:39.841187,992,5
2025-01-20 10:05:39.851187,840,3
2025-01-20 10:05:39.861187,809,3
2025-01-20 10:05:39.871187,618,2
2025-01-20 10:05:39.881187,796,3
2025-01-20 10:05:39.891187,539,1
2025-01-20 10:05:39.901187,876,4
2025-01-20 10:05:39.911187,410,0
2025-01-20 10:05:39.921187,818,3
2025-01-20 10:05:39.931187,1018,6
2025-01-20 10:05:39.941187,1018,6
2025-01-20 10:05:39.951187,1018,6
2025-01-20 10:05:39.961187,1018,6
2025-01-20 10:05:39.971187,1018,5
2025-01-20 10:05:39.981187,1018,6
2025-01-20 10:05:39.991187,980,5
2025-01-20 10:05:40.001187,927,4
2025-01-20 10:05:40.011187,1018,6
2025-01-20 10:05:40.021187,940,4
2025-01-20 10:05:40.031187,667,2
2025-01-20 10:05:40.041187,736,3
2025-01-20 10:05:40.051187,946,5
2025-01-20 10:05:40.061187,733,3
2025-01-20 10:05:40.071187,704,2
2025-01-20 10:05:40.081187,691,2
2025-01-20 10:05:40.091187,600,1
2025-01-20 10:05:40.101187,735,3
2025-01-20 10:05:40.111187,668,2
2025-01-20 10:05:40.121187,502,1
2025-01-20 10:05:40.131187,621,2
2025-01-20 10:05:40.141187,605,2
2025-01-20 10:05:40.151187,756,3
2025-01-20 10:05:40.161187,391,0
2025-01-20 10:05:40.171187,373,0
2025-01-20 10:05:40.181187,662,2
2025-01-20 10:05:40.191187,827,3
2025-01-20 10:05:40.201187,167,0
2025-01-20 10:05:40.211187,413,0
2025-01-20 10:05:40.221187,549,1
2025-01-20 10:05:40.231187,355,0
2025-01-20 10:05:40.241187,336,0
2025-01-20 10:05:40.251187,214,0
2025-01-20 10:05:40.261187,369,0
2025-01-20 10:05:40.271187,255,0
2025-01-20 10:05:40.281187,263,0
2025-01-20 10:05:40.291187,199,0
2025-01-20 10:05:40.301187,579,1
2025-01-20 10:05:40.311187,204,0
2025-01-20 10:05:40.321187,315,0
2025-01-20 10:05:40.331187,305,0
2025-01-20 10:05:40.341187,443,1
2025-01-20 10:05:40.351187,348,0
2025-01-20 10:05:40.361187,316,0
2025-01-20 10:05:40.371187,286,0
2025-01-20 10:05:40.381187,156,0
2025-01-20 10:05:40.391187,0,0
2025-01-20 10:05:40.401187,135,0
2025-01-20 10:05:40.411187,317,0
2025-01-20 10:05:40.421187,97,0
2025-01-20 10:05:40.431187,387,0
2025-01-20 10:05:40.441187,360,0
2025-01-20 10:05:40.451187,451,1
2025-01-20 10:05:40.461187,183,0
2025-01-20 10:05:40.471187,580,1
2025-01-20 10:05:40.481187,347,0
2025-01-20 10:05:40.491187,476,1
2025-01-20 10:05:40.501187,301,0
2025-01-20 10:05:40.511187,418,0
2025-01-20 10:05:40.521187,266,0
2025-01-20 10:05:40.531187,0,0
2025-01-20 10:05:40.541187,241,0
2025-01-20 10:05:40.551187,539,1
2025-01-20 10:05:40.561187,77,0
2025-01-20 10:05:40.571187,278,0
2025-01-20 10:05:40.581187,216,0
2025-01-20 10:05:40.591187,448,1
2025-01-20 10:05:40.601187,289,0
2025-01-20 10:05:40.611187,384,0
2025-01-20 10:05:40.621187,361,0
2025-01-20 10:05:40.631187,333,0
2025-01-20 10:05:40.641187,455,1
2025-01-20 10:05:40.651187,539,1
2025-01-20 10:05:40.661187,403,0
2025-01-20 10:05:40.671187,465,1
2025-01-20 10:05:40.681187,546,1
2025-01-20 10:05:40.691187,282,0
2025-01-20 10:05:40.701187,529,1
2025-01-20 10:05:40.711187,543,1
2025-01-20 10:05:40.721187,415,0
2025-01-20 10:05:40.731187,482,1
2025-01-20 10:05:40.741187,454,1
2025-01-20 10:05:40.751187,591,1
2025-01-20 10:05:40.761187,506,1
2025-01-20 10:05:40.771187,590,1
2025-01-20 10:05:40.781187,354,0
2025-01-20 10:05:40.791187,665,2
2025-01-20 10:05:40.801187,503,1
2025-01-20 10:05:40.811187,120,0
2025-01-20 10:05:40.821187,0,0
2025-01-20 10:05:40.831187,0,0
2025-01-20 10:05:40.841187,117,0
2025-01-20 10:05:40.851187,0,0
2025-01-20 10:05:40.861187,81,0
2025-01-20 10:05:40.871187,231,0
2025-01-20 10:05:40.881187,221,0
2025-01-20 10:05:40.891187,373,0
2025-01-20 10:05:40.901187,0,0
2025-01-20 10:05:40.911187,228,0
2025-01-20 10:05:40.921187,174,0
2025-01-20 10:05:40.931187,227,0
2025-01-20 10:05:40.941187,369,0
2025-01-20 10:05:40.951187,236,0
2025-01-20 10:05:40.961187,305,0
2025-01-20 10:05:40.971187,557,1
2025-01-20 10:05:40.981187,450,1
2025-01-20 10:05:40.991187,380,0
2025-01-20 10:05:41.001187,479,1
2025-01-20 10:05:41.011187,406,0
2025-01-20 10:05:41.021187,1018,6
2025-01-20 10:05:41.031187,583,1
2025-01-20 10:05:41.041187,545,1
2025-01-20 10:05:41.051187,643,2
2025-01-20 10:05:41.061187,630,2
2025-01-20 10:05:41.071187,854,4
2025-01-20 10:05:41.081187,758,3
2025-01-20 10:05:41.091187,741,3
2025-01-20 10:05:41.101187,695,2
2025-01-20 10:05:41.111187,363,0
2025-01-20 10:05:41.121187,225,0
2025-01-20 10:05:41.131187,180,0
2025-01-20 10:05:41.141187,304,0
2025-01-20 10:05:41.151187,290,0
2025-01-20 10:05:41.161187,316,0
2025-01-20 10:05:41.171187,285,0
2025-01-20 10:05:41.181187,513,1
2025-01-20 10:05:41.191187,547,1
2025-01-20 10:05:41.201187,233,0
2025-01-20 10:05:41.211187,500,1
2025-01-20 10:05:41.221187,521,1
2025-01-20 10:05:41.231187,553,1
2025-01-20 10:05:41.241187,434,1
2025-01-20 10:05:41.251187,491,1
2025-01-20 10:05:41.261187,231,0
2025-01-20 10:05:41.271187,350,0
2025-01-20 10:05:41.281187,643,2
2025-01-20 10:05:41.291187,483,1
2025-01-20 10:05:41.301187,524,1
2025-01-20 10:05:41.311187,605,2
2025-01-20 10:05:41.321187,604,2
2025-01-20 10:05:41.331187,490,1
2025-01-20 10:05:41.341187,580,1
2025-01-20 10:05:41.351187,707,2
2025-01-20 10:05:41.361187,679,2
2025-01-20 10:05:41.371187,626,2
2025-01-20 10:05:41.381187,654,2
2025-01-20 10:05:41.391187,939,4
2025-01-20 10:05:41.401187,960,5
2025-01-20 10:05:41.411187,1018,5
2025-01-20 10:05:41.421187,1018,6
2025-01-20 10:05:41.431187,1018,6
2025-01-20 10:05:41.441187,1018,6
2025-01-20 10:05:41.451187,1018,5
2025-01-20 10:05:41.461187,1018,6
2025-01-20 10:05:41.471187,1018,6
2025-01-20 10:05:41.481187,946,5
2025-01-20 10:05:41.491187,928,4
2025-01-20 10:05:41.501187,1018,6
2025-01-20 10:05:41.511187,634,2
2025-01-20 10:05:41.521187,947,5
2025-01-20 10:05:41.531187,560,1
2025-01-20 10:05:41.541187,569,1
2025-01-20 10:05:41.551187,733,3
2025-01-20 10:05:41.561187,743,3
2025-01-20 10:05:41.571187,469,1
2025-01-20 10:05:41.581187,667,2
2025-01-20 10:05:41.591187,377,0
2025-01-20 10:05:41.601187,594,1
2025-01-20 10:05:41.611187,74,0
2025-01-20 10:05:41.621187,571,1
2025-01-20 10:05:41.631187,476,1
2025-01-20 10:05:41.641187,306,0
2025-01-20 10:05:41.651187,143,0
2025-01-20 10:05:41.661187,396,0
2025-01-20 10:05:41.671187,528,1
2025-01-20 10:05:41.681187,477,1
2025-01-20 10:05:41.691187,477,1
2025-01-20 10:05:41.701187,625,2
2025-01-20 10:05:41.711187,73,0
2025-01-20 10:05:41.721187,0,0
2025-01-20 10:05:41.731187,0,0
2025-01-20 10:05:41.741187,0,0
2025-01-20 10:05:41.751187,0,0
2025-01-20 10:05:41.761187,0,0
2025-01-20 10:05:41.771187,0,0
2025-01-20 10:05:41.781187,0,0
2025-01-20 10:05:41.791187,0,0
2025-01-20 10:05:41.801187,0,0
2025-01-20 10:05:41.811187,190,0
2025-01-20 10:05:41.821187,222,0
2025-01-20 10:05:41.831187,66,0
2025-01-20 10:05:41.841187,249,0
2025-01-20 10:05:41.851187,313,0
2025-01-20 10:05:41.861187,219,0
2025-01-20 10:05:41.871187,0,0
2025-01-20 10:05:41.881187,161,0
2025-01-20 10:05:41.891187,242,0
2025-01-20 10:05:41.901187,165,0
2025-01-20 10:05:41.911187,304,0
2025-01-20 10:05:41.921187,323,0
2025-01-20 10:05:41.931187,571,1
2025-01-20 10:05:41.941187,346,0
2025-01-20 10:05:41.951187,425,0
2025-01-20 10:05:41.961187,705,2
2025-01-20 10:05:41.971187,550,1
2025-01-20 10:05:41.981187,761,3
2025-01-20 10:05:41.991187,737,3
2025-01-20 10:05:42.001187,742,3
2025-01-20 10:05:42.011187,582,1
2025-01-20 10:05:42.021187,962,5
2025-01-20 10:05:42.031187,470,1
2025-01-20 10:05:42.041187,527,1
2025-01-20 10:05:42.051187,540,1
2025-01-20 10:05:42.061187,643,2
2025-01-20 10:05:42.071187,744,3
2025-01-20 10:05:42.081187,532,1
2025-01-20 10:05:42.091187,600,2
2025-01-20 10:05:42.101187,741,3
2025-01-20 10:05:42.111187,672,2
2025-01-20 10:05:42.121187,699,2
2025-01-20 10:05:42.131187,828,3
2025-01-20 10:05:42.141187,689,2
2025-01-20 10:05:42.151187,504,1
2025-01-20 10:05:42.161187,655,2
2025-01-20 10:05:42.171187,626,2
2025-01-20 10:05:42.181187,500,1
2025-01-20 10:05:42.191187,523,1
2025-01-20 10:05:42.201187,712,2
2025-01-20 10:05:42.211187,529,1
2025-01-20 10:05:42.221187,734,3
2025-01-20 10:05:42.231187,610,2
2025-01-20 10:05:42.241187,756,3
2025-01-20 10:05:42.251187,631,2
2025-01-20 10:05:42.261187,595,1
2025-01-20 10:05:42.271187,477,1
2025-01-20 10:05:42.281187,634,2
2025-01-20 10:05:42.291187,620,2
2025-01-20 10:05:42.301187,308,0
2025-01-20 10:05:42.311187,545,1
2025-01-20 10:05:42.321187,477,1
2025-01-20 10:05:42.331187,426,1
2025-01-20 10:05:42.341187,611,2
2025-01-20 10:05:42.351187,124,0
2025-01-20 10:05:42.361187,278,0
2025-01-20 10:05:42.371187,198,0
2025-01-20 10:05:42.381187,210,0
2025-01-20 10:05:42.391187,451,1
2025-01-20 10:05:42.401187,336,0
2025-01-20 10:05:42.411187,433,1
2025-01-20 10:05:42.421187,490,1
2025-01-20 10:05:42.431187,518,1
2025-01-20 10:05:42.441187,324,0
2025-01-20 10:05:42.451187,591,1
2025-01-20 10:05:42.461187,404,0
2025-01-20 10:05:42.471187,471,1
2025-01-20 10:05:42.481187,394,0
2025-01-20 10:05:42.491187,561,1
2025-01-20 10:05:42.501187,565,1
2025-01-20 10:05:42.511187,527,1
2025-01-20 10:05:42.521187,760,3
2025-01-20 10:05:42.531187,439,1
2025-01-20 10:05:42.541187,710,3
2025-01-20 10:05:42.551187,535,1
2025-01-20 10:05:42.561187,661,2
2025-01-20 10:05:42.571187,604,2
2025-01-20 10:05:42.581187,725,3
2025-01-20 10:05:42.591187,718,2
2025-01-20 10:05:42.601187,719,3
2025-01-20 10:05:42.611187,651,2
2025-01-20 10:05:42.621187,647,2
2025-01-20 10:05:42.631187,597,1
2025-01-20 10:05:42.641187,666,2
2025-01-20 10:05:42.651187,629,2
2025-01-20 10:05:42.661187,492,1
2025-01-20 10:05:42.671187,544,1
2025-01-20 10:05:42.681187,572,1
2025-01-20 10:05:42.691187,588,1
2025-01-20 10:05:42.701187,488,1
2025-01-20 10:05:42.711187,654,2
2025-01-20 10:05:42.721187,302,0
2025-01-20 10:05:42.731187,326,0
2025-01-20 10:05:42.741187,470,1
2025-01-20 10:05:42.751187,418,0
2025-01-20 10:05:42.761187,446,1
2025-01-20 10:05:42.771187,413,0
2025-01-20 10:05:42.781187,382,0
2025-01-20 10:05:42.791187,480,1
2025-01-20 10:05:42.801187,546,1
2025-01-20 10:05:42.811187,352,0
2025-01-20 10:05:42.821187,513,1
2025-01-20 10:05:42.831187,412,0
2025-01-20 10:05:42.841187,402,0
2025-01-20 10:05:42.851187,492,1
2025-01-20 10:05:42.861187,491,1
2025-01-20 10:05:42.871187,486,1
2025-01-20 10:05:42.881187,675,2
2025-01-20 10:05:42.891187,573,1
2025-01-20 10:05:42.901187,614,2
2025-01-20 10:05:42.911187,813,3
2025-01-20 10:05:42.921187,1018,6
2025-01-20 10:05:42.931187,1018,5
2025-01-20 10:05:42.941187,1018,6
2025-01-20 10:05:42.951187,1018,5
2025-01-20 10:05:42.961187,1018,6
2025-01-20 10:05:42.971187,1018,6
2025-01-20 10:05:42.981187,1018,6
2025-01-20 10:05:42.991187,1018,5
2025-01-20 10:05:43.001187,1018,5
2025-01-20 10:05:43.011187,971,5
2025-01-20 10:05:43.021187,921,4
2025-01-20 10:05:43.031187,933,4
2025-01-20 10:05:43.041187,895,4
2025-01-20 10:05:43.051187,668,2
2025-01-20 10:05:43.061187,618,2
2025-01-20 10:05:43.071187,609,2
2025-01-20 10:05:43.081187,407,0
2025-01-20 10:05:43.091187,378,0
2025-01-20 10:05:43.101187,547,1
2025-01-20 10:05:43.111187,455,1
2025-01-20 10:05:43.121187,499,1
2025-01-20 10:05:43.131187,292,0
2025-01-20 10:05:43.141187,490,1
2025-01-20 10:05:43.151187,589,1
2025-01-20 10:05:43.161187,237,0
2025-01-20 10:05:43.171187,338,0
2025-01-20 10:05:43.181187,429,0
2025-01-20 10:05:43.191187,491,1
2025-01-20 10:05:43.201187,472,1
2025-01-20 10:05:43.211187,330,0
2025-01-20 10:05:43.221187,559,1
2025-01-20 10:05:43.231187,367,0
2025-01-20 10:05:43.241187,533,1
2025-01-20 10:05:43.251187,596,1
2025-01-20 10:05:43.261187,482,1
2025-01-20 10:05:43.271187,486,1
2025-01-20 10:05:43.281187,278,0
2025-01-20 10:05:43.291187,338,0
2025-01-20 10:05:43.301187,284,0
2025-01-20 10:05:43.311187,356,0
2025-01-20 10:05:43.321187,541,1
2025-01-20 10:05:43.331187,360,0
2025-01-20 10:05:43.341187,563,1
2025-01-20 10:05:43.351187,271,0
2025-01-20 10:05:43.361187,228,0
2025-01-20 10:05:43.371187,288,0
2025-01-20 10:05:43.381187,251,0
2025-01-20 10:05:43.391187,342,0
2025-01-20 10:05:43.401187,303,0
2025-01-20 10:05:43.411187,243,0
2025-01-20 10:05:43.421187,598,1
2025-01-20 10:05:43.431187,204,0
2025-01-20 10:05:43.441187,764,3
2025-01-20 10:05:43.451187,489,1
2025-01-20 10:05:43.461187,524,1
2025-01-20 10:05:43.471187,442,1
2025-01-20 10:05:43.481187,95,0
2025-01-20 10:05:43.491187,0,0
2025-01-20 10:05:43.501187,0,0
2025-01-20 10:05:43.511187,0,0
2025-01-20 10:05:43.521187,0,0
2025-01-20 10:05:43.531187,0,0
2025-01-20 10:05:43.541187,0,0
2025-01-20 10:05:43.551187,0,0
2025-01-20 10:05:43.561187,68,0
2025-01-20 10:05:43.571187,165,0
2025-01-20 10:05:43.581187,89,0
2025-01-20 10:05:43.591187,236,0
2025-01-20 10:05:43.601187,348,0
2025-01-20 10:05:43.611187,265,0
2025-01-20 10:05:43.621187,372,0
2025-01-20 10:05:43.631187,233,0
2025-01-20 10:05:43.641187,310,0
2025-01-20 10:05:43.651187,412,0
2025-01-20 10:05:43.661187,461,1
2025-01-20 10:05:43.671187,426,0
2025-01-20 10:05:43.681187,425,0
2025-01-20 10:05:43.691187,414,0
2025-01-20 10:05:43.701187,447,1
2025-01-20 10:05:43.711187,593,1
2025-01-20 10:05:43.721187,460,1
2025-01-20 10:05:43.731187,503,1
2025-01-20 10:05:43.741187,635,2
2025-01-20 10:05:43.751187,410,0
2025-01-20 10:05:43.761187,574,1
2025-01-20 10:05:43.771187,616,2
2025-01-20 10:05:43.781187,544,1
2025-01-20 10:05:43.791187,403,0
2025-01-20 10:05:43.801187,607,2
2025-01-20 10:05:43.811187,619,2
2025-01-20 10:05:43.821187,496,1
2025-01-20 10:05:43.831187,593,1
2025-01-20 10:05:43.841187,569,1
2025-01-20 10:05:43.851187,449,1
2025-01-20 10:05:43.861187,593,2
2025-01-20 10:05:43.871187,563,1
2025-01-20 10:05:43.881187,599,1
2025-01-20 10:05:43.891187,474,1
2025-01-20 10:05:43.901187,688,2
2025-01-20 10:05:43.911187,460,1
2025-01-20 10:05:43.921187,637,2
2025-01-20 10:05:43.931187,591,1
2025-01-20 10:05:43.941187,598,1
2025-01-20 10:05:43.951187,546,1
2025-01-20 10:05:43.961187,676,2
2025-01-20 10:05:43.971187,551,1
2025-01-20 10:05:43.981187,686,2
2025-01-20 10:05:43.991187,435,1
2025-01-20 10:05:44.001187,430,1
2025-01-20 10:05:44.011187,96,0
2025-01-20 10:05:44.021187,159,0
2025-01-20 10:05:44.031187,27,0
2025-01-20 10:05:44.041187,436,1
2025-01-20 10:05:44.051187,212,0
2025-01-20 10:05:44.061187,495,1
2025-01-20 10:05:44.071187,370,0
2025-01-20 10:05:44.081187,249,0
2025-01-20 10:05:44.091187,283,0
2025-01-20 10:05:44.101187,450,1
2025-01-20 10:05:44.111187,697,2
2025-01-20 10:05:44.121187,558,1
2025-01-20 10:05:44.131187,623,2
2025-01-20 10:05:44.141187,673,2
2025-01-20 10:05:44.151187,494,1
2025-01-20 10:05:44.161187,626,2
2025-01-20 10:05:44.171187,604,2
2025-01-20 10:05:44.181187,587,1
2025-01-20 10:05:44.191187,551,1
2025-01-20 10:05:44.201187,587,1
2025-01-20 10:05:44.211187,652,2
2025-01-20 10:05:44.221187,593,1
2025-01-20 10:05:44.231187,468,1
2025-01-20 10:05:44.241187,347,0
2025-01-20 10:05:44.251187,0,0
2025-01-20 10:05:44.261187,0,0
2025-01-20 10:05:44.271187,0,0
2025-01-20 10:05:44.281187,0,0
2025-01-20 10:05:44.291187,0,0
2025-01-20 10:05:44.301187,0,0
2025-01-20 10:05:44.311187,0,0
2025-01-20 10:05:44.321187,0,0
2025-01-20 10:05:44.331187,0,0
2025-01-20 10:05:44.341187,0,0
2025-01-20 10:05:44.351187,0,0
2025-01-20 10:05:44.361187,0,0
2025-01-20 10:05:44.371187,0,0
2025-01-20 10:05:44.381187,0,0
2025-01-20 10:05:44.391187,0,0
2025-01-20 10:05:44.401187,0,0
2025-01-20 10:05:44.411187,0,0
2025-01-20 10:05:44.421187,320,0
2025-01-20 10:05:44.431187,285,0
2025-01-20 10:05:44.441187,501,1
2025-01-20 10:05:44.451187,865,4
2025-01-20 10:05:44.461187,675,2
2025-01-20 10:05:44.471187,856,3
2025-01-20 10:05:44.481187,893,4
2025-01-20 10:05:44.491187,1018,6
2025-01-20 10:05:44.501187,1018,5
2025-01-20 10:05:44.511187,1018,6
2025-01-20 10:05:44.521187,1018,6
2025-01-20 10:05:44.531187,1018,6
2025-01-20 10:05:44.541187,1018,5
2025-01-20 10:05:44.551187,1018,5
2025-01-20 10:05:44.561187,1018,6
2025-01-20 10:05:44.571187,1018,6
2025-01-20 10:05:44.581187,1018,5
2025-01-20 10:05:44.591187,1018,5
2025-01-20 10:05:44.601187,1018,6
2025-01-20 10:05:44.611187,1018,5
2025-01-20 10:05:44.621187,1018,6
2025-01-20 10:05:44.631187,1018,5
2025-01-20 10:05:44.641187,1018,6
2025-01-20 10:05:44.651187,1018,5
2025-01-20 10:05:44.661187,1018,6
2025-01-20 10:05:44.671187,1018,6
2025-01-20 10:05:44.681187,1018,6
2025-01-20 10:05:44.691187,1018,5
2025-01-20 10:05:44.701187,964,5
2025-01-20 10:05:44.711187,1018,5
2025-01-20 10:05:44.721187,1018,6
2025-01-20 10:05:44.731187,1018,5
2025-01-20 10:05:44.741187,1018,6
2025-01-20 10:05:44.751187,1018,5
2025-01-20 10:05:44.761187,1018,6
2025-01-20 10:05:44.771187,1018,5
2025-01-20 10:05:44.781187,1018,6
2025-01-20 10:05:44.791187,1018,6
2025-01-20 10:05:44.801187,1018,5
2025-01-20 10:05:44.811187,1018,5
2025-01-20 10:05:44.821187,1018,5
2025-01-20 10:05:44.831187,1018,5
2025-01-20 10:05:44.841187,1018,5
2025-01-20 10:05:44.851187,1018,6
2025-01-20 10:05:44.861187,1018,5
2025-01-20 10:05:44.871187,1018,5
2025-01-20 10:05:44.881187,1018,6
2025-01-20 10:05:44.891187,1018,6
2025-01-20 10:05:44.901187,1018,5
2025-01-20 10:05:44.911187,1018,6
2025-01-20 10:05:44.921187,1018,6
2025-01-20 10:05:44.931187,1018,6
2025-01-20 10:05:44.941187,1018,6
2025-01-20 10:05:44.951187,819,3
2025-01-20 10:05:44.961187,868,4
2025-01-20 10:05:44.971187,612,2
2025-01-20 10:05:44.981187,556,1
2025-01-20 10:05:44.991187,268,0
2025-01-20 10:05:45.001187,496,1
2025-01-20 10:05:45.011187,215,0
2025-01-20 10:05:45.021187,119,0
2025-01-20 10:05:45.031187,206,0
2025-01-20 10:05:45.041187,83,0
2025-01-20 10:05:45.051187,0,0
2025-01-20 10:05:45.061187,214,0
2025-01-20 10:05:45.071187,0,0
2025-01-20 10:05:45.081187,178,0
2025-01-20 10:05:45.091187,0,0
2025-01-20 10:05:45.101187,0,0
2025-01-20 10:05:45.111187,0,0
2025-01-20 10:05:45.121187,91,0
2025-01-20 10:05:45.131187,255,0
2025-01-20 10:05:45.141187,342,0
2025-01-20 10:05:45.151187,164,0
2025-01-20 10:05:45.161187,92,0
2025-01-20 10:05:45.171187,0,0
2025-01-20 10:05:45.181187,59,0
2025-01-20 10:05:45.191187,0,0
2025-01-20 10:05:45.201187,15,0
2025-01-20 10:05:45.211187,0,0
2025-01-20 10:05:45.221187,0,0
2025-01-20 10:05:45.231187,0,0
2025-01-20 10:05:45.241187,0,0
2025-01-20 10:05:45.251187,0,0
2025-01-20 10:05:45.261187,0,0
2025-01-20 10:05:45.271187,0,0
2025-01-20 10:05:45.281187,0,0
2025-01-20 10:05:45.291187,0,0
2025-01-20 10:05:45.301187,0,0
2025-01-20 10:05:45.311187,0,0
2025-01-20 10:05:45.321187,0,0
2025-01-20 10:05:45.331187,0,0
2025-01-20 10:05:45.341187,0,0
2025-01-20 10:05:45.351187,0,0
2025-01-20 10:05:45.361187,0,0
2025-01-20 10:05:45.371187,0,0
2025-01-20 10:05:45.381187,146,0
2025-01-20 10:05:45.391187,0,0
2025-01-20 10:05:45.401187,77,0
2025-01-20 10:05:45.411187,0,0
2025-01-20 10:05:45.421187,103,0
2025-01-20 10:05:45.431187,0,0
2025-01-20 10:05:45.441187,84,0
2025-01-20 10:05:45.451187,43,0
2025-01-20 10:05:45.461187,0,0
2025-01-20 10:05:45.471187,161,0
2025-01-20 10:05:45.481187,68,0
2025-01-20 10:05:45.491187,66,0
2025-01-20 10:05:45.501187,305,0
2025-01-20 10:05:45.511187,230,0
2025-01-20 10:05:45.521187,304,0
2025-01-20 10:05:45.531187,0,0
2025-01-20 10:05:45.541187,0,0
2025-01-20 10:05:45.551187,0,0
2025-01-20 10:05:45.561187,0,0
2025-01-20 10:05:45.571187,0,0
2025-01-20 10:05:45.581187,0,0
2025-01-20 10:05:45.591187,0,0
2025-01-20 10:05:45.601187,0,0
2025-01-20 10:05:45.611187,0,0
2025-01-20 10:05:45.621187,86,0
2025-01-20 10:05:45.631187,0,0
2025-01-20 10:05:45.641187,215,0
2025-01-20 10:05:45.651187,156,0
2025-01-20 10:05:45.661187,205,0
2025-01-20 10:05:45.671187,127,0
2025-01-20 10:05:45.681187,273,0
2025-01-20 10:05:45.691187,199,0
2025-01-20 10:05:45.701187,392,0
2025-01-20 10:05:45.711187,233,0
2025-01-20 10:05:45.721187,503,1
2025-01-20 10:05:45.731187,555,1
2025-01-20 10:05:45.741187,389,0
2025-01-20 10:05:45.751187,529,1
2025-01-20 10:05:45.761187,621,2
2025-01-20 10:05:45.771187,537,1
2025-01-20 10:05:45.781187,526,1
2025-01-20 10:05:45.791187,446,1
2025-01-20 10:05:45.801187,670,2
2025-01-20 10:05:45.811187,312,0
2025-01-20 10:05:45.821187,271,0
2025-01-20 10:05:45.831187,58,0
2025-01-20 10:05:45.841187,627,2
2025-01-20 10:05:45.851187,242,0
2025-01-20 10:05:45.861187,552,1
2025-01-20 10:05:45.871187,580,1
2025-01-20 10:05:45.881187,398,0
2025-01-20 10:05:45.891187,704,2
2025-01-20 10:05:45.901187,683,2
2025-01-20 10:05:45.911187,458,1
2025-01-20 10:05:45.921187,560,1
2025-01-20 10:05:45.931187,408,0
2025-01-20 10:05:45.941187,582,1
2025-01-20 10:05:45.951187,501,1
2025-01-20 10:05:45.961187,564,1
2025-01-20 10:05:45.971187,583,1
2025-01-20 10:05:45.981187,395,0
2025-01-20 10:05:45.991187,532,1
2025-01-20 10:05:46.001187,541,1
2025-01-20 10:05:46.011187,600,1
2025-01-20 10:05:46.021187,614,2
2025-01-20 10:05:46.031187,577,1
2025-01-20 10:05:46.041187,819,3
2025-01-20 10:05:46.051187,576,1
2025-01-20 10:05:46.061187,731,3
2025-01-20 10:05:46.071187,755,3
2025-01-20 10:05:46.081187,706,2
2025-01-20 10:05:46.091187,577,1
2025-01-20 10:05:46.101187,940,5
2025-01-20 10:05:46.111187,594,1
2025-01-20 10:05:46.121187,615,2
2025-01-20 10:05:46.131187,473,1
2025-01-20 10:05:46.141187,570,1
2025-01-20 10:05:46.151187,648,2
2025-01-20 10:05:46.161187,976,5
2025-01-20 10:05:46.171187,1018,6
2025-01-20 10:05:46.181187,944,5
2025-01-20 10:05:46.191187,728,3
2025-01-20 10:05:46.201187,822,3
2025-01-20 10:05:46.211187,732,3
2025-01-20 10:05:46.221187,750,3
2025-01-20 10:05:46.231187,731,3
2025-01-20 10:05:46.241187,877,4
2025-01-20 10:05:46.251187,532,1
2025-01-20 10:05:46.261187,846,3
2025-01-20 10:05:46.271187,595,1
2025-01-20 10:05:46.281187,609,2
2025-01-20 10:05:46.291187,537,1
2025-01-20 10:05:46.301187,613,2
2025-01-20 10:05:46.311187,512,1
2025-01-20 10:05:46.321187,670,2
2025-01-20 10:05:46.331187,528,1
2025-01-20 10:05:46.341187,615,2
2025-01-20 10:05:46.351187,569,1
2025-01-20 10:05:46.361187,468,1
2025-01-20 10:05:46.371187,401,0
2025-01-20 10:05:46.381187,400,0
2025-01-20 10:05:46.391187,395,0
2025-01-20 10:05:46.401187,422,0
2025-01-20 10:05:46.411187,600,2
2025-01-20 10:05:46.421187,413,0
2025-01-20 10:05:46.431187,483,1
2025-01-20 10:05:46.441187,432,0
2025-01-20 10:05:46.451187,291,0
2025-01-20 10:05:46.461187,474,1
2025-01-20 10:05:46.471187,367,0
2025-01-20 10:05:46.481187,582,1
2025-01-20 10:05:46.491187,441,1
2025-01-20 10:05:46.501187,411,0
2025-01-20 10:05:46.511187,472,1
2025-01-20 10:05:46.521187,598,1
2025-01-20 10:05:46.531187,303,0
2025-01-20 10:05:46.541187,638,2
2025-01-20 10:05:46.551187,272,0
2025-01-20 10:05:46.561187,589,1
2025-01-20 10:05:46.571187,380,0
2025-01-20 10:05:46.581187,631,2
2025-01-20 10:05:46.591187,441,0
2025-01-20 10:05:46.601187,741,3
2025-01-20 10:05:46.611187,446,1
2025-01-20 10:05:46.621187,710,2
2025-01-20 10:05:46.631187,519,1
2025-01-20 10:05:46.641187,517,1
2025-01-20 10:05:46.651187,412,0
2025-01-20 10:05:46.661187,600,1
2025-01-20 10:05:46.671187,388,0
2025-01-20 10:05:46.681187,494,1
2025-01-20 10:05:46.691187,510,1
2025-01-20 10:05:46.701187,632,2
2025-01-20 10:05:46.711187,276,0
2025-01-20 10:05:46.721187,587,1
2025-01-20 10:05:46.731187,600,1
2025-01-20 10:05:46.741187,559,1
2025-01-20 10:05:46.751187,548,1
2025-01-20 10:05:46.761187,643,2
2025-01-20 10:05:46.771187,232,0
2025-01-20 10:05:46.781187,282,0
2025-01-20 10:05:46.791187,244,0
2025-01-20 10:05:46.801187,78,0
2025-01-20 10:05:46.811187,47,0
2025-01-20 10:05:46.821187,441,1
2025-01-20 10:05:46.831187,408,0
2025-01-20 10:05:46.841187,409,0
2025-01-20 10:05:46.851187,348,0
2025-01-20 10:05:46.861187,403,0
2025-01-20 10:05:46.871187,347,0
2025-01-20 10:05:46.881187,591,1
2025-01-20 10:05:46.891187,338,0
2025-01-20 10:05:46.901187,545,1
2025-01-20 10:05:46.911187,371,0
2025-01-20 10:05:46.921187,516,1
2025-01-20 10:05:46.931187,403,0
2025-01-20 10:05:46.941187,435,0
2025-01-20 10:05:46.951187,598,1
2025-01-20 10:05:46.961187,506,1
2025-01-20 10:05:46.971187,371,0
2025-01-20 10:05:46.981187,730,3
2025-01-20 10:05:46.991187,534,1
2025-01-20 10:05:47.001187,495,1
2025-01-20 10:05:47.011187,490,1
2025-01-20 10:05:47.021187,571,1
2025-01-20 10:05:47.031187,340,0
2025-01-20 10:05:47.041187,675,2
2025-01-20 10:05:47.051187,527,1
2025-01-20 10:05:47.061187,813,3
2025-01-20 10:05:47.071187,675,2
2025-01-20 10:05:47.081187,715,3
2025-01-20 10:05:47.091187,1018,5
2025-01-20 10:05:47.101187,902,4
2025-01-20 10:05:47.111187,704,2
2025-01-20 10:05:47.121187,826,3
2025-01-20 10:05:47.131187,860,4
2025-01-20 10:05:47.141187,727,3
2025-01-20 10:05:47.151187,691,2
2025-01-20 10:05:47.161187,714,3
2025-01-20 10:05:47.171187,487,1
2025-01-20 10:05:47.181187,579,1
2025-01-20 10:05:47.191187,500,1
2025-01-20 10:05:47.201187,843,3
2025-01-20 10:05:47.211187,496,1
2025-01-20 10:05:47.221187,578,1
2025-01-20 10:05:47.231187,517,1
2025-01-20 10:05:47.241187,564,1
2025-01-20 10:05:47.251187,400,0
2025-01-20 10:05:47.261187,633,2
2025-01-20 10:05:47.271187,515,1
2025-01-20 10:05:47.281187,539,1
2025-01-20 10:05:47.291187,534,1
2025-01-20 10:05:47.301187,408,0
2025-01-20 10:05:47.311187,639,2
2025-01-20 10:05:47.321187,754,3
2025-01-20 10:05:47.331187,294,0
2025-01-20 10:05:47.341187,548,1
2025-01-20 10:05:47.351187,511,1
2025-01-20 10:05:47.361187,566,1
2025-01-20 10:05:47.371187,351,0
2025-01-20 10:05:47.381187,512,1
2025-01-20 10:05:47.391187,426,0
2025-01-20 10:05:47.401187,325,0
2025-01-20 10:05:47.411187,286,0
2025-01-20 10:05:47.421187,304,0
2025-01-20 10:05:47.431187,430,0
2025-01-20 10:05:47.441187,505,1
2025-01-20 10:05:47.451187,401,0
2025-01-20 10:05:47.461187,784,3
2025-01-20 10:05:47.471187,552,1
2025-01-20 10:05:47.481187,720,3
2025-01-20 10:05:47.491187,531,1
2025-01-20 10:05:47.501187,526,1
2025-01-20 10:05:47.511187,757,3
2025-01-20 10:05:47.521187,609,2
2025-01-20 10:05:47.531187,602,1
2025-01-20 10:05:47.541187,518,1
2025-01-20 10:05:47.551187,538,1
2025-01-20 10:05:47.561187,815,3
2025-01-20 10:05:47.571187,625,2
2025-01-20 10:05:47.581187,646,2
2025-01-20 10:05:47.591187,430,0
2025-01-20 10:05:47.601187,454,1
2025-01-20 10:05:47.611187,227,0
2025-01-20 10:05:47.621187,451,1
2025-01-20 10:05:47.631187,404,0
2025-01-20 10:05:47.641187,521,1
2025-01-20 10:05:47.651187,449,1
2025-01-20 10:05:47.661187,528,1
2025-01-20 10:05:47.671187,485,1
2025-01-20 10:05:47.681187,426,0
2025-01-20 10:05:47.691187,621,2
2025-01-20 10:05:47.701187,672,2
2025-01-20 10:05:47.711187,414,0
2025-01-20 10:05:47.721187,555,1
2025-01-20 10:05:47.731187,329,0
2025-01-20 10:05:47.741187,551,1
2025-01-20 10:05:47.751187,597,1
2025-01-20 10:05:47.761187,603,2
2025-01-20 10:05:47.771187,279,0
2025-01-20 10:05:47.781187,412,0
2025-01-20 10:05:47.791187,307,0
2025-01-20 10:05:47.801187,538,1
2025-01-20 10:05:47.811187,481,1
2025-01-20 10:05:47.821187,521,1
2025-01-20 10:05:47.831187,496,1
2025-01-20 10:05:47.841187,421,0
2025-01-20 10:05:47.851187,428,0
2025-01-20 10:05:47.861187,400,0
2025-01-20 10:05:47.871187,301,0
2025-01-20 10:05:47.881187,530,1
2025-01-20 10:05:47.891187,585,1
2025-01-20 10:05:47.901187,500,1
2025-01-20 10:05:47.911187,0,0
2025-01-20 10:05:47.921187,0,0
2025-01-20 10:05:47.931187,0,0
2025-01-20 10:05:47.941187,0,0
2025-01-20 10:05:47.951187,0,0
2025-01-20 10:05:47.961187,0,0
2025-01-20 10:05:47.971187,0,0
2025-01-20 10:05:47.981187,0,0
2025-01-20 10:05:47.991187,0,0
2025-01-20 10:05:48.001187,0,0
2025-01-20 10:05:48.011187,0,0
2025-01-20 10:05:48.021187,0,0
2025-01-20 10:05:48.031187,0,0
2025-01-20 10:05:48.041187,0,0
2025-01-20 10:05:48.051187,0,0
2025-01-20 10:05:48.061187,0,0
